{"cameraMode":{"drawMode":0,"name":"Shaded","section":"Shading Mode"},"sceneLighting":false,"audioPlay":false,"sceneViewState":{"m_AlwaysRefresh":false,"showFog":true,"showSkybox":false,"showFlares":true,"showImageEffects":true,"showParticleSystems":true,"showVisualEffectGraphs":true,"m_FxEnabled":true},"in2DMode":false,"pivot":{"x":0.0012829303741455079,"y":4.046000003814697,"z":-0.021300196647644044},"rotation":{"x":-0.07200521230697632,"y":0.8413326740264893,"z":-0.11582596600055695,"w":-0.523029088973999},"size":4.177563667297363,"orthographic":false}